Domain,Pad Name,Type,Multiple,Is Static,Default Port,Description,pad2chip,chip2pad,input_en,pu_en,pd_en,schmitt_en,output_en,drive_strength,slew_en
domain_1v8,config_tc_pad,CONFIG_TC_PAD_DEF,1,true,,Config pad definition,,,,,,,,,
domain_1v8,corner_{i},PAD_CORNER,4,true,,Corner pad,,,,,,,,,
domain_1v8,vdd_io_{i}_h,PAD_VDD_IO_H,2,true,,I/O VDD Supply,,,,,,,,,
domain_1v8,vss_io_{i}_h,PAD_VSS_IO_H,2,true,,I/O VSS Supply,,,,,,,,,
domain_1v8,vdd_core_{i}_h,PAD_VDD_CORE_H,3,true,,Core VDD Supply,,,,,,,,,
domain_1v8,vss_core_{i}_h,PAD_VSS_CORE_H,2,true,,Core VSS Supply,,,,,,,,,
domain_1v8,PAD_CLK,PAD_INPUT_H,1,true,,Global Clock,ref_clk_i,,1'b1,1'b0,1'b0,1'b1,,,
domain_1v8,PAD_RST_N,PAD_INPUT_H,1,true,,Global Reset (Active Low),pwr_on_rst_ni,,1'b1,1'b0,1'b0,1'b1,,,
domain_1v8,PAD_ETH_MDIO,PAD_BIDIR_H,1,true,,Ethernet MDIO,ethernet_phy_mdio_i,ethernet_phy_mdio_o,1'b1,1'b0,1'b0,1'b1,ethernet_phy_mdio_oe,,
domain_1v8,PAD_SPI_SCK,PAD_BIDIR_H,1,true,,Host SPI SCK,,spi_sck_o,1'b1,1'b0,1'b0,1'b1,spi_sck_en_o,,
domain_1v8,PAD_SPI_CSB,PAD_BIDIR_H,1,true,,Host SPI CSB,,spi_csb_o,1'b1,1'b0,1'b0,1'b1,spi_csb_en_o,,
domain_1v8,PAD_SPI_SD_{i},PAD_BIDIR_H,4,true,,Host SPI SD {i},spi_sd_i_{i},spi_sd_o_{i},1'b1,1'b0,1'b0,1'b1,spi_sd_en_o_{i},,
domain_1v8,PAD_HYPERBUS_CK_{i},PAD_OUTPUT_H,2,true,,Hyperbus CK {i},,hyperbus_ck_o_{i},,,,,1'b1,,
domain_1v8,PAD_HYPERBUS_CK_NO_{i},PAD_OUTPUT_H,2,true,,Hyperbus CK_NO {i},,hyperbus_ck_no_{i},,,,,1'b1,,
domain_1v8,PAD_HYPERBUS_CS_{i},PAD_OUTPUT_H,2,true,,Hyperbus CS {i},,hyperbus_cs_no_{i}_0,,,,,1'b1,,
domain_1v8,PAD_HYPERBUS_RWDS_{i},PAD_BIDIR_H,2,true,,Hyperbus RWDS {i},hyperbus_rwds_i_{i},hyperbus_rwds_o_{i},1'b1,1'b0,1'b0,1'b1,hyperbus_rwds_oe_o_{i},,
domain_1v8,PAD_HYPERBUS_DQ_0_{i},PAD_BIDIR_H,8,true,,Hyperbus DQ 0 {i},hyperbus_dq_i_0_{i},hyperbus_dq_o_0_{i},1'b1,1'b0,1'b0,1'b1,hyperbus_dq_oe_o_0,,
domain_1v8,PAD_HYPERBUS_DQ_1_{i},PAD_BIDIR_H,8,true,,Hyperbus DQ 1 {i},hyperbus_dq_i_1_{i},hyperbus_dq_o_1_{i},1'b1,1'b0,1'b0,1'b1,hyperbus_dq_oe_o_1,,
domain_1v8,PAD_HYPERBUS_RESET_{i},PAD_OUTPUT_H,2,true,,Hyperbus Reset {i},,hyperbus_reset_no_{i},,,,,1'b1,,
domain_1v8,PAD_SEC_SPI_SCK,PAD_BIDIR_H,1,true,,Security Island SPI SCK,,security_island_spi_host_sck_o,1'b1,1'b0,1'b0,1'b1,security_island_spi_host_sck_en_o,,
domain_1v8,PAD_SEC_SPI_CSB,PAD_BIDIR_H,1,true,,Security Island SPI CSB,,security_island_spi_host_csb_o,1'b1,1'b0,1'b0,1'b1,security_island_spi_host_csb_en_o,,
domain_1v8,PAD_SEC_SPI_SD_{i},PAD_BIDIR_H,4,true,,Security Island SPI SD {i},security_island_spi_host_sd_i_{i},security_island_spi_host_sd_o_{i},1'b1,1'b0,1'b0,1'b1,security_island_spi_host_sd_en_o_{i},,
domain_1v8,PAD_ETH_RX_CLK,PAD_INPUT_H,1,true,,Ethernet RX Clock,ethernet_phy_rx_clk_i,,1'b1,1'b0,1'b0,1'b1,,,
domain_1v8,PAD_ETH_RXD_{i},PAD_INPUT_H,4,true,,Ethernet RX Data {i},ethernet_phy_rxd_i_{i},,1'b1,1'b0,1'b0,1'b1,,,
domain_1v8,PAD_ETH_RX_CTL,PAD_INPUT_H,1,true,,Ethernet RX Control,ethernet_phy_rx_ctl_i,,1'b1,1'b0,1'b0,1'b1,,,
domain_1v8,PAD_ETH_TX_CLK,PAD_OUTPUT_H,1,true,,Ethernet TX Clock,,ethernet_phy_tx_clk_o,,,,,1'b1,,
domain_1v8,PAD_ETH_TXD_{i},PAD_OUTPUT_H,4,true,,Ethernet TX Data {i},,ethernet_phy_txd_o_{i},,,,,1'b1,,
domain_1v8,PAD_ETH_TX_CTL,PAD_OUTPUT_H,1,true,,Ethernet TX Control,,ethernet_phy_tx_ctl_o,,,,,1'b1,,
domain_1v8,PAD_ETH_RESETN,PAD_OUTPUT_H,1,true,,Ethernet PHY Reset,,ethernet_phy_resetn_o,,,,,1'b1,,
domain_1v8,PAD_ETH_MDC,PAD_OUTPUT_H,1,true,,Ethernet MDC,,ethernet_phy_mdc_o,,,,,1'b1,,
domain_1v8,PAD_ETH_INTN,PAD_INPUT_H,1,true,,Ethernet PHY Interrupt,ethernet_phy_intn_i,,1'b1,1'b0,1'b0,1'b1,,,
domain_1v8,PAD_ETH_PME,PAD_INPUT_H,1,true,,Ethernet PHY Power Management Event,ethernet_phy_pme_i,,1'b1,1'b0,1'b0,1'b1,,,
domain_1v8,PAD_ETH_CLK200,PAD_INPUT_H,1,true,,Ethernet 200MHz Clock,ethernet_eth_clk200_i,,1'b1,1'b0,1'b0,1'b1,,,
domain_3v3,PAD_UART_TX,PAD_OUTPUT_V,1,true,,Dedicated UART TX Pad,,uart_tx_o,,,,,1'b1,uart_tx_drv_str,uart_tx_slew_en
domain_3v3,PAD_UART_RX,PAD_INPUT_V,1,true,,Dedicated UART RX Pad,uart_rx_i,,1'b1,1'b1,1'b0,1'b1,,,
domain_3v3,PAD_UART_RTS_N,PAD_OUTPUT_V,1,true,,UART RTS,,uart_rts_no,,,,,1'b1,,
domain_3v3,PAD_UART_DTR_N,PAD_OUTPUT_V,1,true,,UART DTR,,uart_dtr_no,,,,,1'b1,,
domain_3v3,PAD_UART_CTS_N,PAD_INPUT_V,1,true,,UART CTS,uart_cts_ni,,1'b1,1'b0,1'b0,1'b1,,,
domain_3v3,PAD_UART_DSR_N,PAD_INPUT_V,1,true,,UART DSR,uart_dsr_ni,,1'b1,1'b0,1'b0,1'b1,,,
domain_3v3,PAD_UART_DCD_N,PAD_INPUT_V,1,true,,UART DCD,uart_dcd_ni,,1'b1,1'b0,1'b0,1'b1,,,
domain_3v3,PAD_UART_RIN_N,PAD_INPUT_V,1,true,,UART RIN,uart_rin_ni,,1'b1,1'b0,1'b0,1'b1,,,
domain_3v3,PAD_I2C_SDA,PAD_BIDIR_V,1,true,,Dedicated I2C SDA Pad,i2c_sda_i,i2c_sda_o,1'b1,1'b0,1'b0,1'b1,i2c_sda_en_o,,
domain_3v3,PAD_I2C_SCL,PAD_BIDIR_V,1,true,,Dedicated I2C SCL Pad,i2c_scl_i,i2c_scl_o,1'b1,1'b0,1'b0,1'b1,i2c_scl_en_o,,
domain_3v3,PAD_JTAG_TCK,PAD_INPUT_V,1,true,,Dedicated JTAG TCK Pad,jtag_tck_i,,1'b1,1'b0,1'b0,1'b1,,,
domain_3v3,PAD_JTAG_TDI,PAD_INPUT_V,1,true,,Dedicated JTAG TDI Pad,jtag_tdi_i,,1'b1,1'b0,1'b0,1'b1,,,
domain_3v3,PAD_JTAG_TDO,PAD_BIDIR_V,1,true,,Dedicated JTAG TDO Pad,,jtag_tdo_o,1'b1,1'b0,1'b0,1'b1,jtag_tdo_oe_o,,
domain_3v3,PAD_JTAG_TMS,PAD_INPUT_V,1,true,,Dedicated JTAG TMS Pad,jtag_tms_i,,1'b1,1'b0,1'b0,1'b1,,,
domain_3v3,PAD_TEST_MODE,PAD_INPUT_V,1,true,,Test Mode,test_mode_i,,1'b1,1'b0,1'b0,1'b1,,,
domain_3v3,PAD_JTAG_TRST_N,PAD_INPUT_V,1,true,,JTAG TRST,jtag_trst_ni,,1'b1,1'b0,1'b0,1'b1,,,
domain_3v3,PAD_SAFE_JTAG_TCK,PAD_INPUT_V,1,true,,Safety Island JTAG TCK,safety_island_jtag_tck_i,,1'b1,1'b0,1'b0,1'b1,,,
domain_3v3,PAD_SAFE_JTAG_TMS,PAD_INPUT_V,1,true,,Safety Island JTAG TMS,safety_island_jtag_tms_i,,1'b1,1'b0,1'b0,1'b1,,,
domain_3v3,PAD_SAFE_JTAG_TDI,PAD_INPUT_V,1,true,,Safety Island JTAG TDI,safety_island_jtag_tdi_i,,1'b1,1'b0,1'b0,1'b1,,,
domain_3v3,PAD_SAFE_JTAG_TDO,PAD_OUTPUT_V,1,true,,Safety Island JTAG TDO,,safety_island_jtag_tdo_o,,,,,1'b1,,
domain_3v3,PAD_SAFE_JTAG_TRST_N,PAD_INPUT_V,1,true,,Safety Island JTAG TRST,safety_island_jtag_trst_ni,,1'b1,1'b0,1'b0,1'b1,,,
domain_3v3,PAD_SEC_JTAG_TCK,PAD_INPUT_V,1,true,,Security Island JTAG TCK,security_island_jtag_tck_i,,1'b1,1'b0,1'b0,1'b1,,,
domain_3v3,PAD_SEC_JTAG_TMS,PAD_INPUT_V,1,true,,Security Island JTAG TMS,security_island_jtag_tms_i,,1'b1,1'b0,1'b0,1'b1,,,
domain_3v3,PAD_SEC_JTAG_TDI,PAD_INPUT_V,1,true,,Security Island JTAG TDI,security_island_jtag_tdi_i,,1'b1,1'b0,1'b0,1'b1,,,
domain_3v3,PAD_SEC_JTAG_TDO,PAD_BIDIR_V,1,true,,Security Island JTAG TDO,,security_island_jtag_tdo_o,1'b1,1'b0,1'b0,1'b1,security_island_jtag_tdo_oe_o,,
domain_3v3,PAD_SEC_JTAG_TRST_N,PAD_INPUT_V,1,true,,Security Island JTAG TRST,security_island_jtag_trst_ni,,1'b1,1'b0,1'b0,1'b1,,,
domain_3v3,PAD_SEC_UART_TX,PAD_OUTPUT_V,1,true,,Security Island UART TX,,security_island_uart_tx_o,,,,,1'b1,uart_tx_drv_str,uart_tx_slew_en
domain_3v3,PAD_SEC_UART_RX,PAD_INPUT_V,1,true,,Security Island UART RX,security_island_uart_rx_i,,1'b1,1'b1,1'b0,1'b1,,,
domain_3v3,PAD_APB_RX,PAD_INPUT_V,1,true,,APB Subsystem RX,apb_subsystem_rx_i,,1'b1,1'b0,1'b0,1'b1,,,
domain_3v3,PAD_APB_TX,PAD_OUTPUT_V,1,true,,APB Subsystem TX,,apb_subsystem_tx_o,,,,,1'b1,,
domain_3v3,PAD_CAN_RX,PAD_INPUT_V,1,true,,CAN Bus RX,apb_subsystem_can_bus_rx_i,,1'b1,1'b0,1'b0,1'b1,,,
domain_3v3,PAD_CAN_TX,PAD_OUTPUT_V,1,true,,CAN Bus TX,,apb_subsystem_can_bus_tx_o,,,,,1'b1,,
domain_3v3,PAD_CAN_EVENT,PAD_OUTPUT_V,1,true,,CAN Bus Event,,apb_subsystem_can_bus_event_o,,,,,1'b1,,
domain_3v3,PAD_BOOT_MODE_{i},PAD_INPUT_V,2,true,,Boot Mode {i},boot_mode_i_{i},,1'b1,1'b0,1'b0,1'b1,,,
domain_3v3,pad_muxed_gpio_{i},PAD_BIDIR_V,8,false,soc_exports.gpio_{i},GPIO Bus (muxed),,,,,,,,,
